name,n_points,t_c,x_t,camber,x_camber,te_gap,te_x,te_y,camber_signed_max_abs,le_radius,curvature_sign_changes_upper,curvature_sign_changes_lower,self_intersect
A0012.dat,201,0.12000652788384375,0.30360000000000004,0.0,0.0,-1.081667897883795e-22,0.9999999999999999,0.0,0.0,0.015964716562565477,2,2,False
A0012_bluntTE.dat,201,0.12023696149188048,0.30360000000000004,0.0,0.0,0.0024999999999999996,0.9999999999999999,0.0,0.0,0.015964724483479607,2,2,False
AOPT.dat,201,0.12006307444299447,0.3008,0.026183639974733684,0.3558,5.421010862427522e-20,1.0,2.710505431213761e-20,0.026183639974733684,0.031545952370876554,7,9,False
AOPT_bluntTE.dat,201,0.12028932018592453,0.3008,0.02618363886750136,0.3558,0.0024999999999999996,1.0,1.0842021724855044e-19,0.02618363886750136,0.031545017704240855,7,9,False
AOPT_F.dat,201,0.12006275628997637,0.3008,0.02618328111519277,0.3682,-1.6653345369377348e-16,0.9682298708436221,-0.1266263645101488,0.10669467767018925,0.020227676991672758,10,22,False
AOPT_F_bluntTE.dat,201,0.12028815783486915,0.301,0.02618427322168688,0.36860000000000004,0.002328291694531026,0.9682298708472763,-0.12662636451083792,0.10669196151819843,0.020213044762056487,10,22,False
B737A.dat,201,0.15391160234320678,0.1816,0.0015943315094725241,0.047,0.0,1.0,0.0,-0.0016866819833374833,0.10069748992838819,13,13,False
B737A_bluntTE.dat,201,0.15399406967042745,0.1816,0.0015943311926083677,0.047,0.0024999999999999996,1.0,-1.0842021724855044e-19,-0.0016866664316981042,0.10069715990140408,13,13,False
B737B.dat,201,0.12577833466016577,0.2758,0.011488961416142349,0.0858,6.776263578034403e-20,1.0,-7.453889935837843e-20,0.011488961416142349,0.06058996706218961,7,11,False
B737B_bluntTE.dat,201,0.12596906336386646,0.2768,0.011488946011677426,0.0858,0.0025000000000000005,1.0,-1.0842021724855044e-19,0.011488946011677426,0.06059030948491362,7,11,False
B737C.dat,201,0.10040776809418958,0.37260000000000004,0.016600250402444623,0.18280000000000002,1.0842021724855044e-19,0.9999999999999999,0.0,0.016600250402444623,0.1025945279752461,17,21,False
B737C_bluntTE.dat,201,0.10075847162561842,0.3806,0.01660022974245612,0.18280000000000002,0.0024999999999999996,0.9999999999999999,0.0,0.01660022974245612,0.10258393407941704,17,21,False
B737D.dat,201,0.10808224331003898,0.4016,0.017853392208825772,0.201,2.710505431213761e-19,1.0,-2.710505431213761e-20,0.017853392208825772,0.08277338117564789,11,17,False
B737D_bluntTE.dat,201,0.10848732285654997,0.403,0.01785337568746592,0.201,0.0024999999999999996,1.0,-1.0842021724855044e-19,0.01785337568746592,0.08276977309189298,11,17,False
