y_m,eta,re,cl,cdi,cdv,cm
-13.9574,0.9847879771396317,11468000.0,0.2828696098748262,0.013093478789986094,0.0061845847218358835,-0.036222988456189154
-13.681,0.9652861073872856,11896400.0,0.3909480744089013,0.015958128720445063,0.00628977157162726,0.009130349248956886
-13.4046,0.9457842376349397,12324700.0,0.4523925305980529,0.016231110292072325,0.0063745429346314325,0.006498383268428373
-13.1282,0.9262823678825937,12753100.0,0.4912754318497914,0.015664324965229487,0.006422813539638387,0.002948285264255911
-12.8518,0.9067804981302477,13181400.0,0.5170697447844229,0.014822986856745483,0.006461905104311544,-5.045771140472787e-06
-12.5755,0.8872856840471318,13609700.0,0.5345822503477052,0.013942855771905426,0.006484136675938804,-0.0022577504033379696
-12.2991,0.8677838142947858,14038100.0,0.5465680062586926,0.013125804033379696,0.0064958517385257306,-0.003928728122392212
-12.0227,0.8482819445424399,14466400.0,0.5547078525730181,0.012415206328233659,0.006499391912378303,-0.005146611828929069
-11.7463,0.8287800747900939,14894800.0,0.5599618630041725,0.011643794645340754,0.006496386877607788,-0.0059128342837274
-11.4699,0.8092782050377479,15323100.0,0.5634423796940196,0.011152517454798333,0.006489201926286509,-0.006591940340751044
-11.1935,0.7897763352854018,15751500.0,0.565465978442281,0.01072666863699583,0.0064786467454798335,-0.007105354881780251
-10.9171,0.7702744655330558,16179800.0,0.5663685618915161,0.010370811613351879,0.006466528532684284,-0.007490978442280946
-10.6408,0.7507796514499401,16608200.0,0.5663963984700974,0.0100762685674548,0.006454835264255911,-0.007777774089012518
-10.3644,0.731277781697594,17036500.0,0.5657312663421419,0.00983402783031989,0.006441583358831711,-0.007987388859527121
-10.088,0.7117759119452479,17464800.0,0.5645071265646732,0.009636011196105704,0.006427079158553547,-0.008136041349095968
-9.81162,0.692275453326748,17893200.0,0.5628272865090403,0.009475163998609181,0.0064115408344923505,-0.008235576418636996
-9.53523,0.6727742891413251,18321500.0,0.5607662169680112,0.009345373789986094,0.006395146557719054,-0.008294663171070932
-9.25885,0.6532738305228252,18749900.0,0.5583842447844228,0.00924231780945758,0.006378031230876218,-0.008319703122392212
-8.98246,0.633772666337402,19178200.0,0.5557251870653687,0.009161115514603618,0.006360289756606398,-0.008314485104311545
-8.70608,0.6142722077189021,19606600.0,0.5528218609179417,0.009099293560500696,0.006343002329624479,-0.008281806703755216
-8.4297,0.5947717491004022,20034900.0,0.549699266342142,0.009054253115438109,0.006326230194714882,-0.00822206609179416
-8.15331,0.5752705849149792,20463300.0,0.5463735667593881,0.009024528810848403,0.006308915841446453,-0.008133580389429764
-7.87693,0.5557701262964791,20891600.0,0.5428520890125175,0.00901038718358832,0.006291164561891516,-0.008011520959666204
-7.60055,0.5362696676779792,21319900.0,0.5391296696801113,0.009015084457579974,0.006273065111265647,-0.007845294186369959
-7.32416,0.5167685034925563,21748300.0,0.5351778184979138,0.009051521210013909,0.006254475465924896,-0.007611093421418637
-7.04778,0.49726804487405635,22176600.0,0.5308892280945758,0.009189456550764953,0.0062351590890125175,-0.007240808136300418
-6.7714,0.4777675862555563,22605000.0,0.5253586613351878,0.0077686623852573035,0.0062131236856745485,-0.006185995271210014
-6.49501,0.45826642207013335,23033300.0,0.521142888038943,0.008102284089012519,0.0061940588247566064,-0.005965770340751043
-6.21863,0.4387659634516334,23461700.0,0.5170002586926287,0.008206212948539638,0.006175360229485396,-0.005825168970792769
-5.94225,0.4192655048331334,23890000.0,0.5128319756606399,0.008256783351877609,0.006159246230876218,-0.005720500549374131
-5.66586,0.39976434064771044,24318400.0,0.5086068755215577,0.008285573337969403,0.006143048574408901,-0.0056360944575799725
-5.38948,0.38026388202921046,24746700.0,0.5043076314325452,0.008302065820584147,0.006126728894297636,-0.005565209179415856
-5.1131,0.3607634234107105,25175000.0,0.4999230799721836,0.008310391731571628,0.006110298435326843,-0.005503533859527121
-4.83671,0.3412622592252875,25603400.0,0.49543605771905425,0.008317419394993046,0.006093754979137692,-0.005446417253129347
-4.56033,0.3217618006067876,26031700.0,0.4907680744089013,0.008165904394993047,0.006076865180806676,-0.0053085640472879
-4.28394,0.3022606364213646,26460100.0,0.48614160083449237,0.008180192719054243,0.0060595550695410295,-0.005362514040333798
-4.00756,0.2827601778028646,26888400.0,0.4814356564673158,0.008158044054242005,0.006042280834492351,-0.005447361536856746
-3.73118,0.26325971918436464,27316800.0,0.4766429144645341,0.008120161077885954,0.006025089401947149,-0.005572931126564673
-3.45479,0.24375855499894164,27745100.0,0.4717568650904034,0.008067988303198888,0.006008271662030598,-0.005749283936022254
-3.17841,0.22425809638044167,28173500.0,0.466777854659249,0.00800150304589708,0.005991567774687066,-0.0059901819471488175
-2.90203,0.20475763776194172,28601800.0,0.46170488317107095,0.007918910987482616,0.0059754308901251735,-0.00631300107093185
-2.62564,0.18525647357651875,29030200.0,0.45654044089012524,0.007819085319888735,0.005959487273991655,-0.00674037297635605
-2.34926,0.16575601495801878,29458500.0,0.45129087413073715,0.0077007188456189165,0.005943465215577191,-0.007301957385257302
-2.07288,0.1462555563395188,29886900.0,0.4459673463143255,0.00756488868567455,0.005927456230876217,-0.008037826780250348
-1.79649,0.1267543921540958,30315200.0,0.44058234770514604,0.007410707837273993,0.005911462732962448,-0.008998069283727398
-1.52011,0.10725393353559586,30743600.0,0.435157388038943,0.0072380319054242016,0.005895513087621697,-0.010249352781641168
-1.24373,0.08775347491709588,31171900.0,0.42972412100139085,0.007051176961057025,0.0058796740264255905,-0.011883011613351879
-0.967342,0.0682524518450575,31600300.0,0.42433038317107097,0.006861930980528513,0.005864044770514603,-0.014026117037552157
-0.690959,0.04875178155648063,32028600.0,0.41904699165507653,0.006700715361613353,0.005848812712100139,-0.016859905980528514
-0.414575,0.02925104071121146,32457000.0,0.41398125382475665,0.006661609777468707,0.005834093922114047,-0.020653188108484006
-0.138192,0.009750370422634588,32885300.0,0.40927362100139086,0.007177969777468708,0.005820111668984701,-0.025733884909596664
0.138192,0.009750370422634588,32885300.0,0.40927362100139086,0.007177969777468708,0.005820111668984701,-0.025733884909596664
0.414575,0.02925104071121146,32457000.0,0.41398125382475665,0.006661609777468707,0.005834093922114047,-0.020653188108484006
0.690959,0.04875178155648063,32028600.0,0.41904699165507653,0.006700715361613353,0.005848812712100139,-0.016859905980528514
0.967342,0.0682524518450575,31600300.0,0.42433038317107097,0.006861930980528513,0.005864044770514603,-0.014026117037552157
1.24373,0.08775347491709588,31171900.0,0.42972412100139085,0.007051176961057025,0.0058796740264255905,-0.011883011613351879
1.52011,0.10725393353559586,30743600.0,0.435157388038943,0.0072380319054242016,0.005895513087621697,-0.010249352781641168
1.79649,0.1267543921540958,30315200.0,0.44058234770514604,0.007410707837273993,0.005911462732962448,-0.008998069283727398
2.07288,0.1462555563395188,29886900.0,0.4459673463143255,0.00756488868567455,0.005927456230876217,-0.008037826780250348
2.34926,0.16575601495801878,29458500.0,0.45129087413073715,0.0077007188456189165,0.005943465215577191,-0.007301957385257302
2.62564,0.18525647357651875,29030200.0,0.45654044089012524,0.007819085319888735,0.005959487273991655,-0.00674037297635605
2.90203,0.20475763776194172,28601800.0,0.46170488317107095,0.007918910987482616,0.0059754308901251735,-0.00631300107093185
3.17841,0.22425809638044167,28173500.0,0.466777854659249,0.00800150304589708,0.005991567774687066,-0.0059901819471488175
3.45479,0.24375855499894164,27745100.0,0.4717568650904034,0.008067988303198888,0.006008271662030598,-0.005749283936022254
3.73118,0.26325971918436464,27316800.0,0.4766429144645341,0.008120161077885954,0.006025089401947149,-0.005572931126564673
4.00756,0.2827601778028646,26888400.0,0.4814356564673158,0.008158044054242005,0.006042280834492351,-0.005447361536856746
4.28394,0.3022606364213646,26460100.0,0.48614160083449237,0.008180192719054243,0.0060595550695410295,-0.005362514040333798
4.56033,0.3217618006067876,26031700.0,0.4907680744089013,0.008165904394993047,0.006076865180806676,-0.0053085640472879
4.83671,0.3412622592252875,25603400.0,0.49543605771905425,0.008317419394993046,0.006093754979137692,-0.005446417253129347
5.1131,0.3607634234107105,25175000.0,0.4999230799721836,0.008310391731571628,0.006110298435326843,-0.005503533859527121
5.38948,0.38026388202921046,24746700.0,0.5043076314325452,0.008302065820584147,0.006126728894297636,-0.005565209179415856
5.66586,0.39976434064771044,24318400.0,0.5086068755215577,0.008285573337969403,0.006143048574408901,-0.0056360944575799725
5.94225,0.4192655048331334,23890000.0,0.5128319756606399,0.008256783351877609,0.006159246230876218,-0.005720500549374131
6.21863,0.4387659634516334,23461700.0,0.5170002586926287,0.008206212948539638,0.006175360229485396,-0.005825168970792769
6.49501,0.45826642207013335,23033300.0,0.521142888038943,0.008102284089012519,0.0061940588247566064,-0.005965770340751043
6.7714,0.4777675862555563,22605000.0,0.5253586613351878,0.0077686623852573035,0.0062131236856745485,-0.006185995271210014
7.04778,0.49726804487405635,22176600.0,0.5308892280945758,0.009189456550764953,0.0062351590890125175,-0.007240808136300418
7.32416,0.5167685034925563,21748300.0,0.5351778184979138,0.009051521210013909,0.006254475465924896,-0.007611093421418637
7.60055,0.5362696676779792,21319900.0,0.5391296696801113,0.009015084457579974,0.006273065111265647,-0.007845294186369959
7.87693,0.5557701262964791,20891600.0,0.5428520890125175,0.00901038718358832,0.006291164561891516,-0.008011520959666204
8.15331,0.5752705849149792,20463300.0,0.5463735667593881,0.009024528810848403,0.006308915841446453,-0.008133580389429764
8.4297,0.5947717491004022,20034900.0,0.549699266342142,0.009054253115438109,0.006326230194714882,-0.00822206609179416
8.70608,0.6142722077189021,19606600.0,0.5528218609179417,0.009099293560500696,0.006343002329624479,-0.008281806703755216
8.98246,0.633772666337402,19178200.0,0.5557251870653687,0.009161115514603618,0.006360289756606398,-0.008314485104311545
9.25885,0.6532738305228252,18749900.0,0.5583842447844228,0.00924231780945758,0.006378031230876218,-0.008319703122392212
9.53523,0.6727742891413251,18321500.0,0.5607662169680112,0.009345373789986094,0.006395146557719054,-0.008294663171070932
9.81162,0.692275453326748,17893200.0,0.5628272865090403,0.009475163998609181,0.0064115408344923505,-0.008235576418636996
10.088,0.7117759119452479,17464800.0,0.5645071265646732,0.009636011196105704,0.006427079158553547,-0.008136041349095968
10.3644,0.731277781697594,17036500.0,0.5657312663421419,0.00983402783031989,0.006441583358831711,-0.007987388859527121
10.6408,0.7507796514499401,16608200.0,0.5663963984700974,0.0100762685674548,0.006454835264255911,-0.007777774089012518
10.9171,0.7702744655330558,16179800.0,0.5663685618915161,0.010370811613351879,0.006466528532684284,-0.007490978442280946
11.1935,0.7897763352854018,15751500.0,0.565465978442281,0.01072666863699583,0.0064786467454798335,-0.007105354881780251
11.4699,0.8092782050377479,15323100.0,0.5634423796940196,0.011152517454798333,0.006489201926286509,-0.006591940340751044
11.7463,0.8287800747900939,14894800.0,0.5599618630041725,0.011643794645340754,0.006496386877607788,-0.0059128342837274
12.0227,0.8482819445424399,14466400.0,0.5547078525730181,0.012415206328233659,0.006499391912378303,-0.005146611828929069
12.2991,0.8677838142947858,14038100.0,0.5465680062586926,0.013125804033379696,0.0064958517385257306,-0.003928728122392212
12.5755,0.8872856840471318,13609700.0,0.5345822503477052,0.013942855771905426,0.006484136675938804,-0.0022577504033379696
12.8518,0.9067804981302477,13181400.0,0.5170697447844229,0.014822986856745483,0.006461905104311544,-5.045771140472787e-06
13.1282,0.9262823678825937,12753100.0,0.4912754318497914,0.015664324965229487,0.006422813539638387,0.002948285264255911
13.4046,0.9457842376349397,12324700.0,0.4523925305980529,0.016231110292072325,0.0063745429346314325,0.006498383268428373
13.681,0.9652861073872856,11896400.0,0.3909480744089013,0.015958128720445063,0.00628977157162726,0.009130349248956886
13.9574,0.9847879771396317,11468000.0,0.2828696098748262,0.013093478789986094,0.0061845847218358835,-0.036222988456189154
