iter,alpha,CL_wing,CD_wing,CM_wing,CL_fuselage,CD_fuselage,CM_fuselage,CL_htail,CD_htail,CM_htail,CL_vtail,CD_vtail,CM_vtail,CL_nacelle,CD_nacelle,CM_nacelle,CL_duct,CD_duct,CM_duct,CL_fairing,CD_fairing,CM_fairing,CL,CD,CM,CL_total_ex_duct,CD_total_ex_duct,CM_total_ex_duct,mass_imbalance,settle
50,9.0,0.9025962252473144,0.1429212077978821,-0.2140703348552782,0.1540899976806581,0.02778624737689799,0.1089382231526407,0.0154949371725954,0.003152710565329404,-0.06404385828249931,0.003738163857883901,0.002197455574348947,-0.01367430580848578,-0.01394140324310469,0.006570496054452703,0.001289929589890022,0.00422489023344873,0.001174528102187016,0.004239305873679421,0.00916400460440846,0.001920279006884128,0.003856355051135755,1.075366815553205,0.1857229244779823,-0.1734646852789174,1.071141925319756,0.1845483963757953,-0.1777039911525968,0.014872667389860096,
100,9.0,0.9051727398477326,0.1432284183013881,-0.2152052303901884,0.1755162021564702,0.02999752158408416,0.1071704557157038,0.0162453658649285,0.003253017676500046,-0.06706556380721561,0.003903180987957718,0.002197737053488653,-0.01428883408227575,-0.01301573316210929,0.006720691486074392,0.001331632330272574,0.004225131056635097,0.001174492768206891,0.004240499952915163,0.009195348584581558,0.00192493186108575,0.003869556322614925,1.101242235336196,0.188496810730828,-0.1799474839581733,1.097017104279561,0.1873223179626211,-0.1841879839110884,0.014948324637354238,
150,9.0,1.02276925573547,0.1338607364470344,-0.2367926771063356,0.1971768646860675,0.03238078073757727,0.1181681566593841,0.02551092175764207,0.004593895161716726,-0.101815856536958,0.004506363478313074,0.002175218162598235,-0.01616625238926289,-0.009881801988457081,0.006468399485345018,0.004460371635194059,0.00583666519320936,0.00143018235604797,0.005393394916987904,0.01072477250977677,0.002012599829125552,0.004515451502549754,1.256643041372022,0.1829218121794451,-0.2222374113184407,1.250806376178813,0.1814916298233972,-0.2276308062354286,0.011609255278051211,
200,9.0,0.9382158759809948,0.1297375868543092,-0.2096651678157186,0.1634284282224021,0.0263256918784811,0.1327430442931519,0.01191685858226153,0.002731571523660322,-0.04972185383272826,0.003732299661533622,0.001847480152371083,-0.01373638234649701,-0.01445420791451174,0.006645559822912429,0.001093030065634348,0.00493879581885482,0.001281237982127644,0.004668992784598653,0.01033928525091822,0.00206408781030383,0.004564473435651277,1.118117335602453,0.1706332160241656,-0.1300538634159077,1.113178539783598,0.169351978042038,-0.1347228562005064,0.012157222946283845,
250,9.0,0.9338649259045404,0.137204933283748,-0.2186099251150272,0.1711144347135232,0.03005580716007049,0.1268569235569872,0.01894564414572755,0.003550590192659241,-0.07705250969787165,0.004098235860199058,0.002136392294280252,-0.01505908981585245,-0.01230557795845682,0.007290653762098255,0.001588254143423937,0.005035413350658283,0.001308477432216115,0.004634631568919863,0.01009646154700058,0.001989103367866864,0.004279837424589895,1.130849537563192,0.1835359574929392,-0.1733618779348305,1.125814124212534,0.182227480060723,-0.1779965095037503,0.012204921436580897,
300,9.0,0.9304304585696335,0.1385623548793936,-0.2197130863224669,0.1658838816782237,0.02774282300955029,0.1324222006929268,0.01809733470633514,0.003550000711621557,-0.07355622566214112,0.003500194615686197,0.002145354429623652,-0.01289646959390004,-0.01428530816071888,0.006573016427815835,0.002531438680521744,0.005008224282167425,0.001304720624840221,0.004713282635179557,0.01001880806316408,0.002002749771068529,0.004338022655001751,1.118653593754491,0.1818810198539136,-0.1621608369148782,1.113645369472324,0.1805762992290734,-0.1668741195500578,0.012239542157633036,
350,9.0,0.9216645714423634,0.1396483675961694,-0.2167291229676089,0.1653983545132677,0.02862609015343575,0.1357149276955363,0.01216585451049659,0.002671780349378637,-0.05118488015098504,0.00347706097361849,0.00211454984409148,-0.01280712529322343,-0.01304059549729249,0.007120797917081716,0.001706264740257752,0.004972357746520345,0.001305964505757161,0.0046522377096378,0.01000180519213615,0.002008974608527854,0.004294528442641245,1.10463940888111,0.183496524974442,-0.1343531698237443,1.09966705113459,0.1821905604686849,-0.1390054075333821,0.012257493320184406,
400,9.0,0.911513853845408,0.1383527751632863,-0.2145725224119439,0.1646439172676611,0.02837275196726228,0.1311649977878171,0.01616202817062934,0.003296628278745382,-0.06650130752709484,0.003589062131403991,0.002152090632375702,-0.01320126420000713,-0.01389858957442416,0.007166735517253053,0.001305081558538759,0.005000903486446307,0.001315628527527531,0.004701487349859181,0.01004598427383853,0.002016056136285953,0.004313650991136582,1.097057159600963,0.1826726662227362,-0.1527898764516943,1.092056256114517,0.1813570376952087,-0.1574913638015534,0.012277301426240084,
450,9.0,0.9121350010578355,0.1396209668866512,-0.2155917881337363,0.1645983763367608,0.02844036346845559,0.1313320286051647,0.0155981635547909,0.003211451307774625,-0.06452121312274015,0.003579074635026577,0.002160084312279529,-0.0131588771568979,-0.01440764070754791,0.006931721617717727,0.001705255631877934,0.005030357447687768,0.001325359751101763,0.004705349810164112,0.01003625410605965,0.00201009733738763,0.004301540248072349,1.096569586430613,0.1837000446813681,-0.1512277041180952,1.091539228982926,0.1823746849302663,-0.1559330539282593,0.012277338424937362,
500,9.0,0.9114601448847275,0.1402344306004718,-0.2161913731975759,0.1642757173225219,0.02842354954017037,0.1318432694174801,0.01496824694225773,0.00313891500882371,-0.06209588980235076,0.003555885593335631,0.002157107686015835,-0.01307773811906219,-0.01431966139412729,0.006955548373491945,0.001701604704353093,0.005010806399380455,0.0013244753410392,0.004681186090252417,0.01000948583063453,0.002008070986285181,0.004288489178156024,1.094960625578731,0.184242097536298,-0.1488504517287472,1.08994981917935,0.1829176221952588,-0.1535316378189996,0.012277862866486362,
550,9.0,0.9091210053619154,0.1401619827692593,-0.2162381224923584,0.1640260447091202,0.02837821568062483,0.1313537827540402,0.01516369184242502,0.003164866741346784,-0.06286513329966557,0.003557193474026376,0.002155782987674194,-0.01308409049798482,-0.01429451149783147,0.007026495597797694,0.001603748629835467,0.005005175846662047,0.001325925389882791,0.004681057327408296,0.00998179902066303,0.002007256399779129,0.004282917813996999,1.092560398756981,0.1842205255663648,-0.1502658397647279,1.087555222910318,0.182894600176482,-0.1549468970921362,0.012278140454334787,
600,9.0,0.9088780497170476,0.1402718738764278,-0.2163645374657565,0.1640455503214801,0.0284263114900601,0.1312066781435145,0.01522365420392973,0.003170906937266215,-0.06311547129924477,0.003563365156884171,0.002157801791373903,-0.01310500301364092,-0.01437270196848637,0.007042778217367732,0.001501853632550992,0.005010039228281165,0.001328415241577467,0.0046837474117898,0.01001197904365638,0.002012668214898297,0.004293776141616613,1.092359935702793,0.1844107557689716,-0.1508989564491702,1.087349896474512,0.1830823405273941,-0.15558270386096,0.012277953519051704,
650,9.0,0.9083078790788449,0.1407035000476346,-0.2169519748892443,0.1638658241680752,0.02842602335892201,0.1312011286425132,0.01491905379214271,0.003124564484693113,-0.06195767033022687,0.003555635824336793,0.002156306250101835,-0.01307815226638825,-0.01446611184919618,0.007014654013736988,0.001560437518390425,0.005002810610417544,0.001329417027359812,0.004675845710668622,0.009993713464880047,0.00200975547279535,0.004286621650499776,1.091178805089501,0.1847642206552437,-0.1502637639637874,1.086175994479083,0.1834348036278839,-0.154939609674456,0.012277888535507977,
700,9.0,0.9083060887524013,0.1408688763577919,-0.2172019185144259,0.1638103823123692,0.02844610992461754,0.1313181217331179,0.01470287813668751,0.003091523547055336,-0.06111955925690758,0.003553321462129014,0.002154583215244742,-0.01307048823476361,-0.01450331958319816,0.007011529496995903,0.001562260758163519,0.005001890843520427,0.001330608209294912,0.004675403532253084,0.0100007965447321,0.002008294898904948,0.00428886306135688,1.090872038468641,0.1849115256499052,-0.1495473169212057,1.085870147625121,0.1835809174406103,-0.1542227204534587,0.012277841067021344,
750,9.0,0.9081385254178023,0.1408635897921127,-0.2171097254899569,0.163735208018699,0.02844923540306429,0.1315386558755565,0.01452896819139231,0.003065652530831644,-0.06043634572381419,0.003550590196587733,0.002151682787410366,-0.01306158303349137,-0.01450270709702733,0.007013477203215658,0.001564391393294403,0.00500310449680632,0.001331517895702893,0.004675086170537467,0.01000704158238953,0.002006875492971851,0.004290835451126403,1.09046073080665,0.1848820311053095,-0.1485386853567477,1.085457626309843,0.1835505132096066,-0.1532137715272852,0.012277827865057123,
800,9.0,0.9074931438058109,0.1407296664116885,-0.2167449583741748,0.1636422287524099,0.02844258989372999,0.1317032353555612,0.01441782537523617,0.003049814449024174,-0.05999573195699352,0.003548464265936434,0.002149000726440133,-0.01305460075035208,-0.01450095985454799,0.007014511961099026,0.00156647535845691,0.005004322873599607,0.001332010592724792,0.004674821617893982,0.01001033278087277,0.002005989361472824,0.004291648615599185,1.089615357999318,0.1847235833961795,-0.1475591101340091,1.084611035125718,0.1833915728034547,-0.1522339317519031,0.012277804827017496,
850,9.0,0.9063510086689751,0.1404861075772798,-0.21613086976207,0.1635366294638939,0.02842947401845094,0.1318070791890251,0.01433645975900756,0.003038629894419942,-0.0596692786686498,0.003546658124744349,0.0021465015091015,-0.01304867466719179,-0.01450029416835395,0.007015387677379337,0.00156701494069621,0.00500485012150817,0.001332213715243517,0.004674549080761358,0.01001044213634492,0.00200524779523061,0.004291489286414675,1.08828575410612,0.1844535621871056,-0.1465086906010142,1.083280903984612,0.1831213484718621,-0.1511832396817756,0.01227777906385273,
900,9.0,0.9051934029562874,0.1402486807587871,-0.2155620065883421,0.1634461005760762,0.02841603657427854,0.1318607078968556,0.01426757880351491,0.003028795392468463,-0.05939117208993373,0.00354526500918366,0.002144354701492249,-0.01304398940545031,-0.01450118330993628,0.007015494448978785,0.001567818744862135,0.005005183962233641,0.001332337559444222,0.004674365234653065,0.01000919652137243,0.002004712672477138,0.004290913397631058,1.086965544518732,0.1841904121079265,-0.1456033628097243,1.081960360556498,0.1828580745484823,-0.1502777280443774,0.012277761752513498,"{""CD"": {""remaining"": 0.0006963495309892653, ""settled"": false, ""tau_iterations"": null, ""y_inf"": 0.18349406257693723}, ""CL"": {""remaining"": 0.0013923673223072974, ""settled"": false, ""tau_iterations"": 189.39776235601653, ""y_inf"": 1.0855731771964248}, ""CM"": {""remaining"": 0.007284355914866619, ""settled"": false, ""tau_iterations"": null, ""y_inf"": -0.15288771872459092}, ""iterations"": 900, ""settled"": false}"
950,9.0,0.9043988877925375,0.1400829465038488,-0.2151855504354709,0.1633886177296216,0.02840581617047748,0.1318802165868947,0.01421325518419703,0.003020598923920776,-0.05917097421752602,0.003544396978063223,0.002142591777038422,-0.01304115867286884,-0.0145016297015173,0.007015419191484149,0.00156882480403226,0.005005375035677487,0.001332396369056602,0.004674273322097812,0.01000805438773986,0.0020043762104837,0.004290424739170603,1.086056957406319,0.1840041451463099,-0.1449839438736704,1.081051582370642,0.1826717487772534,-0.1496582171957682,0.012277754571796752,"{""CD"": {""remaining"": 8.415177902199034e-05, ""settled"": false, ""tau_iterations"": null, ""y_inf"": 0.18408829692533188}, ""CL"": {""remaining"": 0.0031459516681640043, ""settled"": false, ""tau_iterations"": 310.4780338436414, ""y_inf"": 1.082911005738155}, ""CM"": {""remaining"": 0.0017836513199363524, ""settled"": false, ""tau_iterations"": null, ""y_inf"": -0.14320029255373404}, ""iterations"": 950, ""settled"": false}"
1000,9.0,0.9040189486050986,0.139998285654906,-0.2150075759037598,0.1633597422361556,0.0283988640878405,0.1318855862091769,0.01417234094764523,0.003014111086569194,-0.05900528103172159,0.003543762322403117,0.002141274541677051,-0.01303906323139806,-0.0145006281046275,0.007015417180698588,0.001569918973940983,0.00500559568012625,0.001332445095212002,0.004674357284630202,0.01000742014799258,0.002004173407350177,0.004290177051607281,1.085607181834794,0.1839045710542535,-0.1446318806475241,1.080601586154667,0.1825721259590416,-0.1493062379321543,0.012277758152873157,"{""CD"": {""remaining"": 7.498341195519287e-05, ""settled"": false, ""tau_iterations"": null, ""y_inf"": 0.18382958764229831}, ""CL"": {""remaining"": 0.03012037889203656, ""settled"": false, ""tau_iterations"": 1862.2820645652087, ""y_inf"": 1.0554868029427575}, ""CM"": {""remaining"": 0.004357810692617259, ""settled"": false, ""tau_iterations"": null, ""y_inf"": -0.14898969134014137}, ""iterations"": 1000, ""settled"": false}"
1050,9.0,0.9038763988874577,0.1399632408562128,-0.2149281009640724,0.1633477893102539,0.02839427948342833,0.131886353935863,0.01414028016495863,0.003008856113442857,-0.05887609342448191,0.003543364909484262,0.00214025601073919,-0.01303785593840764,-0.01449857257670701,0.007015450961212337,0.001570962784120517,0.005005840324318426,0.001332485552805069,0.004674535104367956,0.01000718793455359,0.002004059084942277,0.004290092734764757,1.08542228895432,0.1838586280627828,-0.1444201057678457,1.080416448630001,0.1825261425099778,-0.1490946408722137,0.012277760807075577,"{""CD"": {""remaining"": 0.0002882732203706717, ""settled"": false, ""tau_iterations"": null, ""y_inf"": 0.18414690128315347}, ""CL"": {""remaining"": 0.023715965706034403, ""settled"": false, ""tau_iterations"": 1557.2880969622656, ""y_inf"": 1.0617063232482855}, ""CM"": {""remaining"": 0.0036420593130505052, ""settled"": false, ""tau_iterations"": null, ""y_inf"": -0.1480621650808962}, ""iterations"": 1050, ""settled"": false}"
1100,9.0,0.9038357632686611,0.1399463191816417,-0.2148889759882145,0.1633441183176614,0.02839113781170655,0.1318863573563491,0.01411399010999064,0.003004501573115902,-0.0587707888419188,0.003542969865365148,0.002139568255937836,-0.0130364957323819,-0.01449618843552496,0.00701555966607881,0.001571797500920599,0.005006015894379315,0.001332500365902455,0.004674712504946844,0.01000718552421908,0.002003996005654428,0.004290101047577725,1.085353854544752,0.1838335828600377,-0.1442732921527209,1.080347838650372,0.1825010824941352,-0.1489480046576678,0.012277762172716124,"{""CD"": {""remaining"": 0.00043283840413402275, ""settled"": false, ""tau_iterations"": null, ""y_inf"": 0.18426642126417173}, ""CL"": {""remaining"": 0.016756793546601756, ""settled"": false, ""tau_iterations"": 1323.9796628127833, ""y_inf"": 1.0685970609981503}, ""CM"": {""remaining"": 0.002620992519104831, ""settled"": false, ""tau_iterations"": null, ""y_inf"": -0.14689428467182572}, ""iterations"": 1100, ""settled"": false}"
